<?xml version="1.0" encoding="UTF-8"?>
<project-private xmlns="http://www.netbeans.org/ns/project-private/1">
    <editor-bookmarks xmlns="http://www.netbeans.org/ns/editor-bookmarks/2" lastBookmarkId="0"/>
    <open-files xmlns="http://www.netbeans.org/ns/projectui-open-files/2">
        <group>
            <file>file:/C:/Users/berfi/Desktop/RobotProjesi/src/robotprojesi/RobotProjesi.java</file>
            <file>file:/C:/Users/berfi/Desktop/RobotProjesi/src/robotprojesi/Tekerlekli.java</file>
            <file>file:/C:/Users/berfi/Desktop/RobotProjesi/src/robotprojesi/IzgaraCizimi.java</file>
            <file>file:/C:/Users/berfi/Desktop/RobotProjesi/src/robotprojesi/Robot.java</file>
            <file>file:/C:/Users/berfi/Desktop/RobotProjesi/src/robotprojesi/Paletli.java</file>
            <file>file:/C:/Users/berfi/Desktop/RobotProjesi/src/robotprojesi/Spider.java</file>
            <file>file:/C:/Users/berfi/Desktop/RobotProjesi/src/robotprojesi/GezginManipulatorRobotlar.java</file>
            <file>file:/C:/Users/berfi/Desktop/RobotProjesi/src/robotprojesi/Paralel.java</file>
            <file>file:/C:/Users/berfi/Desktop/RobotProjesi/src/robotprojesi/GezginRobotlar.java</file>
            <file>file:/C:/Users/berfi/Desktop/RobotProjesi/src/robotprojesi/ManipulatorRobotlar.java</file>
            <file>file:/C:/Users/berfi/Desktop/RobotProjesi/src/robotprojesi/Seri.java</file>
        </group>
    </open-files>
</project-private>
